{"cameraMode":{"drawMode":0,"name":"Shaded","section":"Shading Mode"},"sceneLighting":true,"audioPlay":false,"sceneViewState":{"showFog":true,"showMaterialUpdate":false,"showSkybox":true,"showFlares":true,"showImageEffects":true,"showParticleSystems":true},"in2DMode":false,"pivot":{"x":46.613136291503909,"y":-41.09051513671875,"z":36.55197525024414},"rotation":{"x":0.3795008361339569,"y":0.2699061930179596,"z":-0.11676982790231705,"w":0.8772110939025879},"size":51.66118621826172,"orthographic":false}