{"cameraMode":{"drawMode":0,"name":"Shaded","section":"Shading Mode"},"sceneLighting":true,"audioPlay":false,"sceneViewState":{"showFog":true,"showMaterialUpdate":false,"showSkybox":true,"showFlares":true,"showImageEffects":true,"showParticleSystems":true},"in2DMode":false,"pivot":{"x":-3.3843040466308595,"y":2.7210941314697267,"z":2.4627199172973635},"rotation":{"x":-0.07493434101343155,"y":0.8658400177955627,"z":-0.1364523470401764,"w":-0.4754859209060669},"size":10.0,"orthographic":false}